name,selling_price,year,km_driven,ex_showroom_price,owner_'1st owner',owner_'2nd owner',owner_'3rd owner',owner_'4th owner',seller_type_0,seller_type_1
royal enfield classic 350,175000,2019,350,267815.0437899418,1,0,0,0,True,False
honda dio,45000,2017,5650,68866.72554598504,1,0,0,0,True,False
royal enfield classic gunmetal grey,150000,2018,12000,148114.0,1,0,0,0,True,False
yamaha fazer fi v 20,65000,2015,23000,89643.0,1,0,0,0,True,False
yamaha sz,20000,2011,21000,30607.43357599335,0,1,0,0,True,False
honda cb twister,18000,2010,60000,53857.0,1,0,0,0,True,False
honda cb hornet 160r,78500,2018,17000,87719.0,1,0,0,0,True,False
royal enfield bullet 350,180000,2008,39000,275466.90218394017,0,1,0,0,True,False
hero honda cbz extreme,30000,2010,32000,45911.150363990026,1,0,0,0,True,False
bajaj discover 125,50000,2016,42000,60122.0,1,0,0,0,True,False
yamaha fz16,35000,2015,32000,78712.0,1,0,0,0,True,False
honda navi,28000,2016,10000,47255.0,0,1,0,0,True,False
bajaj avenger street 220,80000,2018,21178,95955.0,1,0,0,0,True,False
yamaha yzf r3,365000,2019,1127,351680.0,1,0,0,0,True,False
jawa 42,185000,2020,1700,283118.76057793846,1,0,0,0,True,False
suzuki access 125,25000,2012,55000,58314.0,1,0,0,0,True,False
hero honda glamour,25000,2006,27000,38259.29196999169,1,0,0,0,True,False
yamaha yzf r15 s,40000,2010,45000,117926.0,0,1,0,0,True,False
royal enfield classic gunmetal grey,150000,2018,23000,148114.0,1,0,0,0,True,False
yamaha fz25,120000,2018,39000,132680.0,1,0,0,0,True,False
hero passion pro 110,15000,2008,60000,22955.575181995013,1,0,0,0,True,False
honda navi,26000,2016,17450,44389.0,1,0,0,0,True,False
honda activa i,32000,2013,20696,53900.0,0,1,0,0,True,False
jawa standard,180000,2019,2000,275466.90218394017,1,0,0,0,True,False
royal enfield thunderbird 350,110000,2016,20000,168340.88466796343,1,0,0,0,True,False
honda dream yuga,25000,2012,35000,56147.0,1,0,0,0,True,False
tvs apache rtr 160 4v,80000,2018,15210,122429.7343039734,1,0,0,0,True,False
honda navi,42000,2017,24000,44389.0,1,0,0,0,True,False
yamaha fazer,40000,2013,35000,84751.0,0,0,1,0,True,False
hero honda splendor nxg,21000,2009,10000,32137.805254793017,1,0,0,0,True,False
hero glamour 125,55000,2017,2500,61600.0,1,0,0,0,True,False
yamaha fz s,38000,2013,75000,79432.0,1,0,0,0,True,False
hero xtreme sports,43000,2016,50000,78350.0,0,1,0,0,True,False
honda xblade,65000,2018,27000,99474.15912197839,1,0,0,0,True,False
honda cb shine sp,62000,2019,10000,71049.0,1,0,0,0,True,False
honda activa 5g,60000,2018,6502,57557.0,1,0,0,0,True,False
hero glamour 125,45000,2018,21000,61600.0,1,0,0,0,True,False
honda cbr250r,120000,2016,16000,202310.0,1,0,0,0,True,False
hero honda passion pro 2012,30000,2011,42000,45911.150363990026,1,0,0,0,True,False
royal enfield thunderbird 350,90000,2015,13000,137733.45109197008,0,0,1,0,True,False
bajaj dominar 400,125000,2017,12800,191296.45984995842,1,0,0,0,True,False
hero glamour fi,50000,2018,20000,71150.0,1,0,0,0,True,False
ktm 390 duke,175000,2017,4600,267815.0437899418,1,0,0,0,True,False
hero passion xpro,28000,2012,81000,56750.0,1,0,0,0,True,False
yamaha fz s v 20,85000,2018,8000,84042.0,1,0,0,0,True,False
hero achiever 150,29900,2016,55000,69750.0,1,0,0,0,True,False
bajaj discover 125,25000,2011,57000,60122.0,1,0,0,0,True,False
yamaha fz16,30000,2009,26000,78712.0,0,1,0,0,True,False
yamaha saluto,60000,2018,13000,59844.0,1,0,0,0,True,False
yamaha fz16,35000,2012,29000,78712.0,0,1,0,0,True,False
bajaj discover 100,25000,2010,43000,42859.0,1,0,0,0,True,False
honda cb trigger,30000,2015,40000,73413.0,1,0,0,0,True,False
royal enfield electra 5 s,90000,2010,40000,137733.45109197008,0,1,0,0,True,False
hero splendor pro,35000,2015,24000,49900.0,0,1,0,0,True,False
honda activa 5g,70000,2019,3000,59422.0,1,0,0,0,True,False
hero honda passion plus,25000,2006,75000,38259.29196999169,1,0,0,0,True,False
bajaj pulsar 150,25000,2010,42000,38259.29196999169,1,0,0,0,True,False
royal enfield bullet 350,90000,2014,13000,137733.45109197008,1,0,0,0,True,False
bajaj discover 125,25000,2013,55000,57549.0,1,0,0,0,True,False
bajaj pulsar 150,42000,2011,23000,64275.61050958603,1,0,0,0,True,False
hero splendor pro,35000,2015,24000,51994.0,0,1,0,0,True,False
hero xtreme sports,50000,2014,80000,80350.0,1,0,0,0,True,False
honda activa 3g,30000,2015,39000,54605.0,1,0,0,0,True,False
yamaha fz16,48000,2016,20000,78712.0,1,0,0,0,True,False
honda cb hornet 160r,65000,2016,30000,88161.0,1,0,0,0,True,False
royal enfield thunderbird 350,85000,2013,21000,130081.59269797173,1,0,0,0,True,False
hero hunk,45000,2014,41000,78513.0,1,0,0,0,True,False
suzuki let,34000,2014,8000,50098.0,1,0,0,0,True,False
royal enfield electra 4 s,90000,2008,50000,137733.45109197008,1,0,0,0,True,False
tvs scooty pep plus,35000,2012,8150,53563.00875798836,1,0,0,0,True,False
mahindra mojo xt300,165000,2017,1933,195500.0,1,0,0,0,True,False
tvs apache rtr 160,35000,2013,55750,53563.00875798836,1,0,0,0,True,False
bajaj pulsar as200,65000,2015,15856,92074.0,1,0,0,0,True,False
bajaj pulsar 150,29500,2013,27000,45145.96452459019,1,0,0,0,True,False
royal enfield thunderbird 350x,165000,2019,3700,164004.0,1,0,0,0,True,False
suzuki intruder 150,95000,2018,21938,145385.3094859684,1,0,0,0,True,False
hero honda karizma zmr 2010,50000,2010,48000,76518.58393998338,1,0,0,0,True,False
honda dio,7500,2009,16000,11477.787590997506,0,1,0,0,True,False
bajaj xcd,25000,2008,54000,38259.29196999169,1,0,0,0,True,False
hero splendor plus,35000,2014,35000,53563.00875798836,0,1,0,0,True,False
royal enfield thunderbird 350x,160000,2018,15000,244859.4686079468,1,0,0,0,True,False
honda cb unicorn 150,50000,2014,32000,74295.0,1,0,0,0,True,False
honda activa 5g,62000,2019,3500,57557.0,1,0,0,0,True,False
honda cb twister,30000,2013,9000,53857.0,1,0,0,0,True,False
hero splendor pro,28000,2015,38000,49642.0,1,0,0,0,True,False
hero honda cd deluxe,25000,2009,50000,38259.29196999169,1,0,0,0,True,False
honda activa i,30000,2015,20000,51112.0,0,1,0,0,True,False
royal enfield classic gunmetal grey,140000,2018,22000,148114.0,1,0,0,0,True,False
tvs scooty zest 110,30000,2017,9432,53751.0,1,0,0,0,True,False
hero cd deluxe,25000,2014,70000,38259.29196999169,1,0,0,0,True,False
suzuki access 125,22000,2010,43000,58314.0,0,1,0,0,True,False
honda activa,22989,2012,500000,50267.0,1,0,0,0,True,False
honda activa 125,42000,2016,30514,61653.0,1,0,0,0,True,False
suzuki gs150r,30000,2010,130000,70851.0,1,0,0,0,True,False
bajaj pulsar 220s,55000,2015,45000,84170.44233398171,1,0,0,0,True,False
honda activa 4g,45000,2018,25000,53079.0,1,0,0,0,True,False
yamaha fz25,150000,2019,2500,133680.0,1,0,0,0,True,False
bajaj pulsar 150,42000,2015,22770,64275.61050958603,1,0,0,0,True,False
hero splendor plus,30000,2015,30000,45911.150363990026,1,0,0,0,True,False
bajaj discover 100,24999,2012,35000,42859.0,0,1,0,0,True,False
royal enfield thunderbird 350x,160000,2019,6330,244859.4686079468,1,0,0,0,True,False
royal enfield classic 350,175000,2020,500,267815.0437899418,1,0,0,0,True,False
bajaj pulsar 150,40000,2013,43400,61214.8671519867,1,0,0,0,True,False
bajaj pulsar ns160,85000,2018,7004,130081.59269797173,1,0,0,0,True,False
royal enfield classic desert storm,150000,2017,16500,181445.0,1,0,0,0,True,False
suzuki gixxer sf,80000,2018,12500,122429.7343039734,1,0,0,0,True,False
tvs apache rtr 200 4v,95000,2018,9600,145385.3094859684,1,0,0,0,True,False
bajaj v15,42000,2016,35000,65626.0,1,0,0,0,True,False
tvs xl 100 heavy duty,40000,2019,11000,61214.8671519867,1,0,0,0,True,False
yamaha fz s v 20,50000,2015,20000,84042.0,1,0,0,0,True,False
hero hf deluxe,40000,2018,13000,61214.8671519867,1,0,0,0,True,False
aprilia sr 125,75000,2019,3500,114777.87590997506,1,0,0,0,True,False
yamaha fz25,120000,2017,9000,132680.0,1,0,0,0,True,False
hero honda glamour,30000,2008,7500,45911.150363990026,1,0,0,0,True,False
bajaj discover 125 st,17500,2013,38000,58438.0,1,0,0,0,True,False
hero honda passion plus,7500,2004,120000,11477.787590997506,1,0,0,0,True,False
honda aviator,57000,2018,6465,61118.0,1,0,0,0,True,False
vespa sxl 149,80000,2018,18803,122429.7343039734,1,0,0,0,True,False
tvs scooty pep plus,18000,2010,20000,27546.690218394015,1,0,0,0,True,False
hero xtreme,25000,2013,24000,75936.0,1,0,0,0,True,False
royal enfield thunderbird 350,83900,2014,22000,128398.18385129211,0,1,0,0,True,False
um renegade commando,160000,2018,7000,180525.0,1,0,0,0,True,False
royal enfield classic gunmetal grey,135000,2018,6100,148114.0,1,0,0,0,True,False
honda cb hornet 160r,55000,2017,14000,87543.0,1,0,0,0,True,False
honda shine,50000,2017,23000,76518.58393998338,1,0,0,0,True,False
bajaj discover 100,20000,2012,85000,42859.0,1,0,0,0,True,False
hero honda cbz extreme,25000,2010,40000,38259.29196999169,1,0,0,0,True,False
royal enfield classic 350,125000,2017,18000,191296.45984995842,1,0,0,0,True,False
honda activa 5g,55000,2019,10000,57557.0,1,0,0,0,True,False
bajaj avenger street 150 2018,50000,2016,40000,80435.0,1,0,0,0,True,False
royal enfield continental gt 650,299000,2019,1500,457581.13196110056,1,0,0,0,True,False
honda activa 3g,60000,2015,30000,54605.0,1,0,0,0,True,False
honda activa 3g,40000,2015,3000,54605.0,1,0,0,0,True,False
bajaj pulsar 180,15000,2008,55000,85011.0,1,0,0,0,True,False
harleydavidson street bob,750000,2013,12000,1278000.0,0,1,0,0,True,False
hero honda cbz extreme,20000,2007,90000,30607.43357599335,1,0,0,0,True,False
royal enfield classic gunmetal grey,190000,2020,500,155740.0,1,0,0,0,True,False
ktm 390 duke abs,130000,2015,50000,202127.0,1,0,0,0,True,False
honda cb hornet 160r,54786,2016,25000,88161.0,1,0,0,0,True,False
ktm 200 duke,72000,2013,36500,110186.76087357606,1,0,0,0,True,False
hero karizma 2014,35000,2013,26000,86744.0,1,0,0,0,True,False
hero glamour 125,45000,2017,18000,61600.0,1,0,0,0,True,False
royal enfield classic 350,85000,2013,49000,130081.59269797173,1,0,0,0,True,False
royal enfield classic 500,100000,2013,18000,156304.0,1,0,0,0,True,False
bajaj dominar 400,138000,2017,15000,211191.2916743541,1,0,0,0,True,False
royal enfield thunderbird 350x,150000,2018,8500,229555.75181995012,1,0,0,0,True,False
ktm rc 390,180000,2017,3775,275466.90218394017,1,0,0,0,True,False
royal enfield thunderbird 350,100000,2015,14500,153037.16787996676,1,0,0,0,True,False
hero hunk,20000,2010,35000,78513.0,1,0,0,0,True,False
ktm 390 duke,170000,2017,14000,260163.18539594347,1,0,0,0,True,False
suzuki gixxer,60000,2016,16000,84246.0,1,0,0,0,True,False
royal enfield bullet 350,123000,2016,7000,188235.7164923591,1,0,0,0,True,False
suzuki access 125,60000,2017,4000,91822.30072798005,1,0,0,0,True,False
tvs apache rtr 200 4v,100000,2017,45000,153037.16787996676,1,0,0,0,True,False
hero xtreme sports,22000,2014,99000,78350.0,1,0,0,0,True,False
honda activa,30000,2014,52000,50267.0,1,0,0,0,True,False
bajaj discover 125,28000,2013,45000,60122.0,1,0,0,0,True,False
bajaj pulsar 150,50000,2007,52000,76518.58393998338,1,0,0,0,True,False
yamaha saluto rx,40000,2017,27000,49521.0,1,0,0,0,True,False
hero hf deluxe,43000,2018,60000,65805.98218838571,1,0,0,0,True,False
suzuki access 125,40000,2015,2300,61214.8671519867,1,0,0,0,True,False
royal enfield classic desert storm,100000,2012,15000,181445.0,1,0,0,0,True,False
hero hf deluxe,30000,2016,50000,45911.150363990026,1,0,0,0,True,False
ktm rc 200,130000,2017,27000,198948.31824395678,1,0,0,0,True,False
honda cb hornet 160r,48000,2016,25000,88161.0,0,1,0,0,True,False
bajaj ct 100,32000,2017,40000,48971.89372158936,1,0,0,0,True,False
hero honda pleasure,23000,2010,32000,35198.548612392355,1,0,0,0,True,False
bajaj pulsar 135 ls,20000,2010,50000,64589.0,0,1,0,0,True,False
royal enfield classic 350,125000,2017,36000,191296.45984995842,1,0,0,0,True,False
honda navi,23000,2016,17450,44389.0,1,0,0,0,True,False
bajaj discover 125,15000,2011,32000,57549.0,1,0,0,0,True,False
yamaha sz rr v 20,35000,2015,38000,69983.0,1,0,0,0,True,False
bajaj discover 150,25000,2014,71000,54299.0,0,1,0,0,True,False
bajaj pulsar 150,80000,2019,8000,122429.7343039734,1,0,0,0,True,False
tvs flame,15000,2010,12000,22955.575181995013,1,0,0,0,True,False
vespa vx 125,45000,2013,50000,72303.0,0,1,0,0,True,False
yamaha sz x,25000,2012,30000,65800.0,0,1,0,0,True,False
honda cbf stunner,35000,2013,15888,58757.0,1,0,0,0,True,False
bajaj discover 100 t,25000,2013,26000,47032.0,1,0,0,0,True,False
royal enfield classic 350,170000,2018,5600,260163.18539594347,1,0,0,0,True,False
honda activa,25000,2014,41000,50267.0,1,0,0,0,True,False
royal enfield electra 5 s,60000,2007,19612,91822.30072798005,0,1,0,0,True,False
bajaj pulsar 150,41000,2012,17000,62745.238830786366,1,0,0,0,True,False
honda shine,35000,2012,33700,53563.00875798836,1,0,0,0,True,False
honda cb unicorn 160,75000,2015,100000,79233.0,1,0,0,0,True,False
honda activa 3g,47999,2016,6000,54605.0,1,0,0,0,True,False
honda shine,36999,2011,21000,56622.2217439089,1,0,0,0,True,False
bajaj pulsar 180,25000,2007,80000,85011.0,1,0,0,0,True,False
suzuki gixxer sf,60000,2016,15000,91822.30072798005,1,0,0,0,True,False
honda cb unicorn 150,50000,2007,46000,74295.0,1,0,0,0,True,False
yamaha yzf r15,65000,2013,11000,118997.0,1,0,0,0,True,False
tvs sport,12000,2007,72000,18364.46014559601,1,0,0,0,True,False
bajaj pulsar as200,60000,2015,50000,92074.0,1,0,0,0,True,False
honda activa,20000,2010,50000,50267.0,1,0,0,0,True,False
yamaha fz16,27000,2011,67000,78712.0,1,0,0,0,True,False
bajaj boxer,10000,2000,30000,15303.716787996675,1,0,0,0,True,False
hero honda hunk,56000,2015,48000,85700.81401278138,1,0,0,0,True,False
hero honda hunk,58000,2015,48000,88761.55737038072,1,0,0,0,True,False
bajaj avenger cruise 220,87000,2018,8000,133142.33605557107,1,0,0,0,True,False
yamaha ray z,35000,2015,15500,52949.0,1,0,0,0,True,False
bajaj pulsar 180,35000,2012,45000,85011.0,1,0,0,0,True,False
bajaj discover 150f,40000,2014,60855,64071.0,0,1,0,0,True,False
bajaj pulsar 135 ls,56000,2017,37714,64589.0,0,0,1,0,True,False
bajaj pulsar 180,30000,2008,60000,85011.0,0,1,0,0,True,False
honda activa 125,40000,2017,26000,61545.0,1,0,0,0,True,False
hero hf deluxe,60000,2019,6000,91822.30072798005,1,0,0,0,True,False
hero karizma 2014,40000,2013,30000,86744.0,1,0,0,0,True,False
bajaj platina 100,40000,2018,17000,61214.8671519867,1,0,0,0,True,False
royal enfield bullet 500,130000,2015,34601,168482.0,1,0,0,0,True,False
bajaj pulsar as200,45000,2015,48000,92074.0,1,0,0,0,True,False
yamaha fz s,42000,2013,60000,79432.0,1,0,0,0,True,False
bajaj pulsar 220 fi,25000,2012,44000,38259.29196999169,1,0,0,0,True,False
bajaj pulsar 150,15000,2006,55000,22955.575181995013,1,0,0,0,True,False
bajaj dominar 400 2018,170000,2018,16000,163331.0,1,0,0,0,True,False
hero passion x pro,38000,2016,20000,59095.0,0,1,0,0,True,False
yamaha fz s v 20,60000,2015,17500,84042.0,0,1,0,0,True,False
tvs apache rtr 160,65000,2017,46000,99474.15912197839,1,0,0,0,True,False
bajaj avenger 2015,35000,2011,30000,75502.0,1,0,0,0,True,False
bajaj pulsar 150,70000,2019,6500,107126.01751597672,1,0,0,0,True,False
hero honda glamour,15000,2006,80000,22955.575181995013,1,0,0,0,True,False
hero splendor ismart,50000,2017,10000,52271.0,0,1,0,0,True,False
royal enfield classic 350,145000,2017,2200,221903.8934259518,1,0,0,0,True,False
yamaha fz16,25000,2008,40000,78712.0,1,0,0,0,True,False
hero xtreme sports,58000,2016,21000,80350.0,1,0,0,0,True,False
royal enfield bullet 350,90000,2007,3500,137733.45109197008,1,0,0,0,True,False
hero honda passion,9000,2002,66191,13773.345109197007,0,1,0,0,True,False
bajaj discover 150s,40000,2014,50000,63331.0,1,0,0,0,True,False
tvs scooty zest 110,28000,2015,32800,52372.0,1,0,0,0,True,False
bajaj avenger street 150 2018,50000,2016,32000,80435.0,1,0,0,0,True,False
yamaha cygnus ray zr,56000,2019,3900,58630.0,1,0,0,0,True,False
honda activa,35000,2014,10000,50267.0,1,0,0,0,True,False
tvs apache rtr 200 4v,95000,2018,9600,145385.3094859684,1,0,0,0,True,False
honda shine,30000,2010,46782,45911.150363990026,1,0,0,0,True,False
honda cb hornet 160r,95000,2019,8000,94703.0,1,0,0,0,True,False
honda activa i,40000,2017,11000,53436.0,1,0,0,0,True,False
hero karizma 2014,30000,2014,51000,86744.0,0,1,0,0,True,False
bajaj discover 100 t,18000,2013,45000,47032.0,1,0,0,0,True,False
honda aviator,14000,2008,66000,59183.0,1,0,0,0,True,False
hero splendor plus,17000,2010,50000,26016.318539594347,0,1,0,0,True,False
royal enfield thunderbird 350,125000,2017,23500,191296.45984995842,1,0,0,0,True,False
bajaj ct 110,20000,2015,25000,30607.43357599335,1,0,0,0,True,False
hero passion pro i3s,50000,2017,41000,56925.0,1,0,0,0,True,False
ktm rc 390,210000,2017,12000,321378.05254793016,1,0,0,0,True,False
bajaj pulsar 220f,70000,2018,33000,107126.01751597672,1,0,0,0,True,False
hero maestro edge,40000,2017,15000,55980.0,1,0,0,0,True,False
bajaj xcd,10000,2008,50000,15303.716787996675,1,0,0,0,True,False
bajaj pulsar 150,35000,2010,40000,53563.00875798836,1,0,0,0,True,False
tvs centra,10000,2005,50000,15303.716787996675,1,0,0,0,True,False
honda activa 3g,42000,2015,20000,54605.0,1,0,0,0,True,False
yamaha fz16,20000,2009,50000,78712.0,1,0,0,0,True,False
hero maestro edge,25000,2017,55000,52790.0,1,0,0,0,True,False
bajaj discover 125,25000,2016,70350,60122.0,1,0,0,0,True,False
royal enfield thunderbird 350x,145000,2019,2700,164004.0,1,0,0,0,True,False
hero super splendor,50000,2016,20000,76518.58393998338,1,0,0,0,True,False
tvs scooty pep plus,30000,2011,20000,45911.150363990026,1,0,0,0,True,False
yamaha fz v 20,60000,2014,41311,81508.0,1,0,0,0,True,False
hero honda splendor plus,15000,2005,65000,22955.575181995013,1,0,0,0,True,False
hero cd deluxe,15000,2014,34000,22955.575181995013,0,1,0,0,True,False
hero honda passion pro 2012,25000,2011,20000,38259.29196999169,1,0,0,0,True,False
hero hf deluxe i3s,54000,2019,11000,82640.07065518205,1,0,0,0,True,False
bajaj xcd,25000,2007,75000,38259.29196999169,1,0,0,0,True,False
royal enfield interceptor 650,260000,2019,1200,397896.63648791355,1,0,0,0,True,False
honda cbr250r,100000,2014,19000,199275.0,1,0,0,0,True,False
bajaj kristal,15000,2007,30000,22955.575181995013,1,0,0,0,True,False
hero honda splendor plus,20000,2006,23000,30607.43357599335,1,0,0,0,True,False
honda dream yuga,35000,2014,10000,56147.0,1,0,0,0,True,False
yamaha fz s v 20,50000,2016,40000,87042.0,1,0,0,0,True,False
hero xpulse 200,90000,2019,8600,107500.0,1,0,0,0,True,False
bajaj v15,40000,2016,45000,67187.0,1,0,0,0,True,False
bajaj avenger street 220,80000,2016,7200,95955.0,1,0,0,0,True,False
bajaj discover 135,20000,2010,31195,30607.43357599335,1,0,0,0,True,False
honda cb unicorn 150,70000,2017,18000,74295.0,1,0,0,0,True,False
vespa sxl 149,98000,2019,1000,149976.42452236742,1,0,0,0,True,False
royal enfield machismo,75000,2008,17000,114777.87590997506,0,1,0,0,True,False
honda cb shine sp,50000,2016,46000,67214.0,1,0,0,0,True,False
honda cb unicorn 150,40000,2014,77592,74295.0,1,0,0,0,True,False
honda cb unicorn 150,75000,2013,54000,74295.0,1,0,0,0,True,False
honda cb unicorn 150,50000,2013,17000,74295.0,1,0,0,0,True,False
bajaj pulsar 150,60000,2014,60000,91822.30072798005,1,0,0,0,True,False
tvs apache rtr 160,50000,2016,40000,76518.58393998338,1,0,0,0,True,False
honda dio,35000,2014,25000,53563.00875798836,1,0,0,0,True,False
royal enfield thunderbird 350,160000,2018,19000,244859.4686079468,1,0,0,0,True,False
hero maestro,25000,2015,40000,49412.0,0,1,0,0,True,False
hero honda cbz extreme,42000,2010,51000,64275.61050958603,1,0,0,0,True,False
bajaj dominar 400,200000,2019,7600,306074.3357599335,1,0,0,0,True,False
honda activa 125,40000,2014,14965,61214.8671519867,1,0,0,0,True,False
royal enfield classic desert storm,130000,2015,25000,181445.0,0,1,0,0,True,False
ktm 250 duke,195000,2019,6000,298422.47736593516,1,0,0,0,True,False
ktm rc 390,270000,2019,2380,413200.3532759102,1,0,0,0,True,False
kawasaki ninja 650,425000,2017,13600,599000.0,0,1,0,0,True,False
tvs apache rtr 200 4v,85000,2018,10000,130081.59269797173,1,0,0,0,True,False
kawasaki ninja 250r,125000,2010,21000,317934.0,0,1,0,0,True,False
tvs wego,45000,2018,10000,54760.0,1,0,0,0,True,False
honda cbr250r,85000,2014,18600,171646.0,0,1,0,0,True,False
bajaj pulsar ns200,85000,2018,7750,130081.59269797173,1,0,0,0,True,False
suzuki gsx s750,760000,2019,2800,752020.0,1,0,0,0,True,False
royal enfield thunderbird 350,100000,2015,30000,153037.16787996676,1,0,0,0,True,False
royal enfield classic 350,95000,2015,9800,145385.3094859684,1,0,0,0,True,False
honda cb shine sp,48000,2015,25000,67469.0,1,0,0,0,True,False
bajaj avenger street 150 2018,40000,2016,29689,80435.0,1,0,0,0,True,False
honda cbf stunner,37000,2014,43000,58757.0,1,0,0,0,True,False
bajaj avenger 2015,38000,2014,28243,75502.0,0,1,0,0,True,False
suzuki gixxer,55000,2015,25000,78316.0,1,0,0,0,True,False
suzuki access 125,45000,2017,22300,68866.72554598504,1,0,0,0,True,False
tvs scooty streak,18000,2009,33595,44140.0,0,1,0,0,True,False
royal enfield thunderbird 350x,140000,2018,5505,214252.03503195345,1,0,0,0,True,False
yamaha rx,70000,2000,5000,107126.01751597672,0,0,1,0,True,False
hero honda splendor plus,15000,2007,30000,22955.575181995013,1,0,0,0,True,False
bajaj pulsar 125,65000,2019,16000,99474.15912197839,1,0,0,0,True,False
honda activa 5g,42000,2018,22000,57557.0,1,0,0,0,True,False
yamaha fazer dlx,58000,2012,40000,88761.55737038072,1,0,0,0,True,False
harleydavidson street 750,330000,2014,6500,534000.0,0,0,0,1,True,False
hero xtreme 2014,35000,2013,15000,72973.0,1,0,0,0,True,False
royal enfield classic 350,162000,2018,17365,247920.21196554613,1,0,0,0,True,False
hero honda hunk,28000,2009,40000,42850.40700639069,1,0,0,0,True,False
royal enfield interceptor 650,285000,2019,5500,436155.92845790525,1,0,0,0,True,False
royal enfield classic 350,125000,2017,33900,191296.45984995842,1,0,0,0,True,False
bajaj pulsar 150,15000,2005,47670,22955.575181995013,1,0,0,0,True,False
honda activa,29500,2013,45000,50267.0,1,0,0,0,True,False
tvs apache rr310,200000,2019,5000,306074.3357599335,1,0,0,0,True,False
jawa standard,160000,2019,5700,244859.4686079468,1,0,0,0,True,False
hero honda splendor pro,30000,2012,22866,45911.150363990026,1,0,0,0,True,False
yamaha fz25,110000,2019,10000,133680.0,1,0,0,0,True,False
bajaj pulsar 220f,70000,2016,31000,107126.01751597672,1,0,0,0,True,False
yamaha fascino 110,69000,2019,1600,57112.0,1,0,0,0,True,False
yamaha fz16,30000,2011,44000,78712.0,1,0,0,0,True,False
yamaha fz16,30000,2010,70000,78712.0,1,0,0,0,True,False
tvs star city plus,42000,2017,21000,64275.61050958603,1,0,0,0,True,False
royal enfield classic 350,160000,2018,17365,244859.4686079468,1,0,0,0,True,False
bajaj pulsar 135 ls,20000,2010,80000,64589.0,1,0,0,0,True,False
suzuki access 125,45000,2017,15000,68866.72554598504,1,0,0,0,True,False
bajaj pulsar 135 ls,23000,2010,77000,64589.0,1,0,0,0,True,False
um renegade commando,140000,2017,40000,180525.0,0,1,0,0,True,False
hero honda splendor plus,12000,2005,48000,18364.46014559601,1,0,0,0,True,False
hero passion pro i3s,50000,2017,18000,56925.0,1,0,0,0,True,False
royal enfield classic 350,140000,2018,20000,214252.03503195345,1,0,0,0,True,False
honda activa 5g,55000,2019,9000,59422.0,1,0,0,0,True,False
yamaha fascino 110,45000,2016,56000,54500.0,1,0,0,0,True,False
hero splendor plus,25000,2012,50000,38259.29196999169,1,0,0,0,True,False
royal enfield thunderbird 350,90000,2014,12000,137733.45109197008,1,0,0,0,True,False
yamaha yzf r15 v3,120000,2018,11500,183644.6014559601,1,0,0,0,True,False
ktm rc 200,120000,2015,20000,183644.6014559601,1,0,0,0,True,False
tvs radeon,35000,2017,20000,66492.0,1,0,0,0,True,False
hero hf deluxe,35000,2017,27000,53563.00875798836,1,0,0,0,True,False
bmw g310gs,300000,2018,2500,349000.0,1,0,0,0,True,False
royal enfield thunderbird 350,87000,2012,20477,133142.33605557107,1,0,0,0,True,False
hero honda splendor plus,18000,2010,35700,27546.690218394015,1,0,0,0,True,False
yamaha fz s v 20,50000,2014,70000,84042.0,1,0,0,0,True,False
bajaj avenger street 220,60000,2016,29000,95955.0,1,0,0,0,True,False
hero honda splendor plus,15000,2004,14500,22955.575181995013,1,0,0,0,True,False
bajaj platina 100,30000,2018,37000,45911.150363990026,1,0,0,0,True,False
royal enfield thunderbird 350x,160000,2018,3246,244859.4686079468,1,0,0,0,True,False
honda cb unicorn 150,50000,2016,27000,74295.0,1,0,0,0,True,False
suzuki gixxer,62000,2017,15000,78316.0,1,0,0,0,True,False
bajaj platina 100,45000,2019,15000,68866.72554598504,1,0,0,0,True,False
royal enfield thunderbird 350,120000,2017,4050,183644.6014559601,1,0,0,0,True,False
royal enfield thunderbird 500,125000,2014,25000,190874.0,1,0,0,0,True,False
bajaj pulsar as150,50000,2015,5000,80821.0,1,0,0,0,True,False
bajaj pulsar 150,30000,2012,5000,45911.150363990026,0,1,0,0,True,False
hero pleasure,40000,2014,14000,51600.0,1,0,0,0,True,False
honda aviator,41000,2013,36500,63537.0,1,0,0,0,True,False
royal enfield thunderbird 350,120000,2017,9000,183644.6014559601,0,1,0,0,True,False
hero ignitor,35000,2014,33200,67722.0,1,0,0,0,True,False
hero honda cd100ss,10000,1997,646000,15303.716787996675,1,0,0,0,True,False
tvs apache rtr 160,35000,2011,25000,53563.00875798836,1,0,0,0,True,False
hero achiever 150,38000,2017,26000,69750.0,1,0,0,0,True,False
vespa lx 125,50000,2015,3909,77900.0,1,0,0,0,True,False
honda activa 3g,40000,2015,7672,54605.0,1,0,0,0,True,False
hero splendor plus i3s,70000,2019,3000,55600.0,1,0,0,0,True,False
royal enfield classic 350,140000,2016,3654,214252.03503195345,1,0,0,0,True,False
hero maestro,26500,2016,40000,53830.0,0,1,0,0,True,False
hero glamour 125,38000,2016,5500,61600.0,1,0,0,0,False,True
yamaha fz16,60000,2016,29950,78712.0,1,0,0,0,True,False
royal enfield himalayan,145000,2017,14000,221903.8934259518,1,0,0,0,True,False
yamaha fz s v 20,78000,2017,26100,84480.0,1,0,0,0,True,False
hero maestro edge,58000,2018,6000,54580.0,1,0,0,0,True,False
yamaha fz25,130000,2017,4000,132680.0,1,0,0,0,True,False
tvs victor,20000,2001,50000,54852.0,1,0,0,0,True,False
bajaj dominar 400 2018,150000,2018,5475,163331.0,1,0,0,0,True,False
bajaj pulsar 180,32000,2012,40000,85011.0,1,0,0,0,True,False
bajaj pulsar 180,50000,2017,20500,85011.0,1,0,0,0,True,False
ktm 200 duke,120000,2017,4100,183644.6014559601,1,0,0,0,True,False
bajaj avenger street 150 2018,60000,2016,23097,80435.0,0,1,0,0,True,False
bajaj discover 100 m,20000,2011,37734,44756.0,1,0,0,0,True,False
royal enfield bullet 350,65000,2011,65000,99474.15912197839,0,1,0,0,True,False
yamaha yzf r15 s,70000,2016,8000,117926.0,1,0,0,0,True,False
yamaha fz v 20,35000,2014,13500,81508.0,1,0,0,0,True,False
bajaj avenger street 220,95000,2018,23000,95955.0,1,0,0,0,True,False
bajaj pulsar 150,8000,2005,58000,12242.97343039734,1,0,0,0,True,False
royal enfield thunderbird 350,85000,2010,15000,130081.59269797173,1,0,0,0,True,False
hero achiever 150,65000,2016,29000,69750.0,1,0,0,0,True,False
hero passion pro 110,39000,2013,20000,59684.49547318703,1,0,0,0,True,False
hero duet,45000,2017,35000,50280.0,1,0,0,0,True,False
bajaj avenger street 150 2018,60000,2016,45137,80435.0,1,0,0,0,True,False
royal enfield classic stealth black,160000,2018,7500,204977.0,1,0,0,0,True,False
bajaj pulsar 150,35000,2011,35600,53563.00875798836,1,0,0,0,True,False
bajaj pulsar 135 ls,40000,2018,15000,64589.0,1,0,0,0,True,False
yamaha fazer,40000,2012,7353,84751.0,1,0,0,0,True,False
honda cb hornet 160r,56000,2017,13200,87543.0,0,1,0,0,True,False
honda cb unicorn dazzler,22000,2011,38350,71757.0,1,0,0,0,True,False
yamaha ybr 125,36000,2014,20400,54593.0,1,0,0,0,True,False
suzuki intruder 150 fi,100000,2018,14500,110240.0,1,0,0,0,True,False
bajaj v15,42000,2016,19500,67187.0,1,0,0,0,True,False
royal enfield electra 5 s,85000,2008,20000,130081.59269797173,1,0,0,0,True,False
hero passion pro tr,45000,2014,36000,54586.0,1,0,0,0,True,False
yamaha fz25,145000,2019,4500,133680.0,1,0,0,0,True,False
hero karizma,50000,2013,38000,85766.0,1,0,0,0,True,False
royal enfield interceptor 650,270000,2019,9000,413200.3532759102,1,0,0,0,True,False
royal enfield thunderbird 350,60000,2006,40000,91822.30072798005,1,0,0,0,True,False
royal enfield classic squadron blue,140000,2017,25000,181445.0,1,0,0,0,True,False
hero honda splendor plus,28000,2008,70889,42850.40700639069,1,0,0,0,True,False
ktm 390 duke abs,180000,2015,13125,202127.0,0,1,0,0,True,False
bajaj pulsar 180,42000,2014,19600,85011.0,0,1,0,0,True,False
suzuki access 125,16000,2011,40000,58314.0,1,0,0,0,True,False
hero splendor ismart,40000,2015,19055,52271.0,1,0,0,0,True,False
bajaj pulsar 180,38000,2012,57000,85011.0,0,1,0,0,True,False
yamaha yzf r15 s,85000,2017,13000,117926.0,1,0,0,0,True,False
honda aviator,28000,2013,28087,63537.0,1,0,0,0,True,False
ktm 200 duke,135000,2018,24000,206600.1766379551,1,0,0,0,True,False
royal enfield thunderbird 350,120000,2016,24600,183644.6014559601,1,0,0,0,True,False
hero karizma zmr,37000,2010,27500,108000.0,1,0,0,0,True,False
royal enfield classic chrome,135000,2015,45000,189313.0,1,0,0,0,True,False
hero honda splendor,10000,2000,61000,15303.716787996675,1,0,0,0,True,False
mahindra rodeo,20000,2013,7000,47343.0,1,0,0,0,True,False
tvs apache rtr 160,83299,2019,6400,127478.43047233351,1,0,0,0,True,False
yamaha fazer fi v 20,65000,2018,3500,89643.0,1,0,0,0,True,False
honda activa 5g,50000,2018,14000,59422.0,1,0,0,0,True,False
bajaj pulsar 220 fi,65000,2013,6409,99474.15912197839,1,0,0,0,True,False
hero honda karizma zmr 2010,45000,2012,44000,68866.72554598504,0,0,1,0,True,False
honda cb hornet 160r,60000,2017,16500,92210.0,1,0,0,0,True,False
royal enfield bullet 350,110000,2015,36000,168340.88466796343,1,0,0,0,True,False
hero honda cd deluxe,14700,2005,30000,22496.46367835511,0,1,0,0,True,False
yamaha saluto,38000,2015,15000,63180.0,1,0,0,0,True,False
suzuki access 125,70000,2018,14500,107126.01751597672,1,0,0,0,True,False
tvs sport,35000,2018,26600,53563.00875798836,1,0,0,0,True,False
hero honda glamour,19000,2012,32000,29077.061897193682,1,0,0,0,True,False
ktm 125 duke,130000,2019,3500,198948.31824395678,1,0,0,0,True,False
bajaj pulsar ns200,50000,2013,58203,76518.58393998338,1,0,0,0,False,True
bajaj pulsar 150,18000,2005,21885,27546.690218394015,1,0,0,0,True,False
hero xtreme 200r,87000,2019,3200,93400.0,1,0,0,0,True,False
hero honda splendor plus,40000,2007,40000,61214.8671519867,1,0,0,0,True,False
bajaj discover 150s,35000,2015,28000,63331.0,1,0,0,0,True,False
honda cbr250r,100000,2011,3500,171646.0,0,1,0,0,True,False
hero pleasure,30000,2013,24000,51600.0,1,0,0,0,True,False
bajaj avenger cruise 220,95000,2018,1800,145385.3094859684,1,0,0,0,True,False
bajaj discover 125 st,25000,2012,76000,58438.0,1,0,0,0,True,False
bajaj pulsar 150,26500,2010,52500,40554.84948819119,1,0,0,0,True,False
bajaj boxer,12000,2008,17500,18364.46014559601,1,0,0,0,True,False
bajaj pulsar 150,20000,2006,41000,30607.43357599335,1,0,0,0,True,False
royal enfield classic signals,195000,2018,2845,164095.0,1,0,0,0,True,False
bajaj pulsar 180,14900,2007,50000,85011.0,1,0,0,0,True,False
honda dream yuga,48000,2018,7110,56147.0,1,0,0,0,True,False
yamaha fz s,40000,2014,27785,79432.0,1,0,0,0,True,False
honda cb unicorn,45000,2010,75000,71681.0,1,0,0,0,True,False
honda shine,25000,2010,20000,38259.29196999169,1,0,0,0,True,False
honda activa 3g,25000,2011,20000,54605.0,1,0,0,0,True,False
honda activa,10000,2009,60000,50267.0,1,0,0,0,True,False
mahindra flyte,22000,2009,20000,44493.0,0,0,1,0,True,False
honda activa 3g,45000,2015,18000,54605.0,1,0,0,0,True,False
ktm 250 duke,135000,2017,16500,206600.1766379551,1,0,0,0,True,False
yamaha ray z,75000,2017,15000,52949.0,1,0,0,0,True,False
bajaj pulsar 135 ls,24000,2010,45000,64589.0,1,0,0,0,True,False
yamaha fz16,45000,2016,37000,78712.0,1,0,0,0,True,False
hero passion pro i3s,55000,2017,14600,54475.0,1,0,0,0,True,False
bajaj discover 125,10000,2006,51000,57549.0,1,0,0,0,True,False
royal enfield classic 350,135000,2017,15000,206600.1766379551,1,0,0,0,True,False
honda cb unicorn 150,55000,2017,12000,74295.0,1,0,0,0,True,False
bajaj avenger 2015,35000,2012,15000,75502.0,1,0,0,0,True,False
bajaj super,20000,1988,21000,30607.43357599335,1,0,0,0,True,False
bajaj pulsar 150,26000,2012,65000,39789.66364879136,0,1,0,0,True,False
honda activa,23000,2009,95000,50267.0,1,0,0,0,True,False
royal enfield classic desert storm,150000,2015,23000,181445.0,1,0,0,0,True,False
hero honda cd deluxe,24700,2012,40000,37800.18046635179,0,1,0,0,True,False
hero duet,35000,2016,49637,54080.0,0,1,0,0,True,False
hero honda passion pro 2012,12000,2012,90000,18364.46014559601,1,0,0,0,True,False
royal enfield classic 350,150000,2017,7000,229555.75181995012,1,0,0,0,True,False
honda activa 3g,50000,2016,5326,54605.0,1,0,0,0,True,False
honda activa,25000,2009,585659,50267.0,1,0,0,0,True,False
hero honda cd100,15000,1999,10000,22955.575181995013,0,1,0,0,False,True
hero super splendor,35000,2014,37541,53563.00875798836,0,1,0,0,True,False
honda cb trigger,45000,2015,36000,83437.0,1,0,0,0,True,False
honda dream yuga,25000,2013,29000,56147.0,1,0,0,0,True,False
hero honda passion plus,40000,2018,29000,61214.8671519867,1,0,0,0,True,False
tvs spectra,17000,2008,50000,26016.318539594347,1,0,0,0,True,False
hero ignitor,30000,2016,18000,67722.0,1,0,0,0,True,False
hero honda cd100,15000,2000,50000,22955.575181995013,1,0,0,0,True,False
bajaj pulsar 220f,60000,2017,40000,91822.30072798005,0,1,0,0,True,False
hero splendor plus,30000,2013,20000,45911.150363990026,1,0,0,0,True,False
yamaha yzf r15,60000,2012,22000,118997.0,1,0,0,0,True,False
honda activa 3g,32000,2015,4500,54605.0,1,0,0,0,True,False
bajaj discover 150,30000,2012,50000,54299.0,1,0,0,0,True,False
bajaj pulsar 150,55000,2010,42000,84170.44233398171,1,0,0,0,True,False
bajaj avenger street 150 2018,75000,2016,35000,80435.0,1,0,0,0,True,False
tvs star city plus,52000,2017,25000,79579.32729758271,1,0,0,0,True,False
bajaj discover 125,38000,2018,34000,60122.0,1,0,0,0,True,False
bajaj discover 135,12000,2007,60000,18364.46014559601,1,0,0,0,True,False
honda cb shine sp,47000,2017,73000,64750.0,1,0,0,0,True,False
honda activa,22000,2014,38000,50267.0,1,0,0,0,True,False
bajaj avenger 2015,65000,2015,26000,75502.0,1,0,0,0,True,False
bajaj platina 100,23000,2013,24000,35198.548612392355,0,1,0,0,True,False
bajaj discover 100,30000,2011,45000,42859.0,1,0,0,0,True,False
bajaj pulsar 150,35000,2011,36000,53563.00875798836,1,0,0,0,True,False
bajaj avenger street 150 2018,80000,2017,30000,80435.0,1,0,0,0,True,False
bajaj platina 100,20000,2012,16295,30607.43357599335,1,0,0,0,True,False
bajaj pulsar 150,16000,2011,59000,24485.94686079468,0,1,0,0,True,False
bajaj pulsar 150,20000,2006,9500,30607.43357599335,1,0,0,0,True,False
bajaj pulsar ns200,50000,2012,46000,76518.58393998338,1,0,0,0,True,False
honda cb trigger,40000,2015,75000,76572.0,1,0,0,0,True,False
bajaj pulsar 135 ls,20000,2010,80000,64589.0,1,0,0,0,True,False
bajaj pulsar 180,65000,2018,26000,85011.0,1,0,0,0,True,False
yamaha yzf r15 s,85000,2016,26000,117926.0,1,0,0,0,True,False
hero splendor plus,12000,2007,100000,18364.46014559601,1,0,0,0,True,False
hero xpulse 200t,105000,2019,2900,96500.0,1,0,0,0,True,False
yamaha fz s v 20,40000,2015,25000,84042.0,1,0,0,0,True,False
bajaj discover 150,30000,2011,39500,54299.0,0,1,0,0,True,False
honda activa,25000,2012,40000,50267.0,1,0,0,0,True,False
hero splendor pro,40000,2016,16000,51994.0,1,0,0,0,True,False
honda dream neo,45000,2017,21000,49211.0,0,1,0,0,True,False
bajaj ct 100,40000,2018,14000,61214.8671519867,1,0,0,0,True,False
suzuki access 125,70000,2018,7000,76632.0,1,0,0,0,True,False
honda activa,30000,2012,22000,50267.0,1,0,0,0,True,False
hero honda pleasure,25000,2009,50000,38259.29196999169,1,0,0,0,True,False
bajaj platina 100,20000,2012,16295,30607.43357599335,1,0,0,0,True,False
honda cb hornet 160r,70000,2017,35000,87719.0,1,0,0,0,True,False
bajaj v15,50000,2017,9000,65626.0,1,0,0,0,True,False
hero honda cd deluxe,25000,2010,35000,38259.29196999169,1,0,0,0,True,False
bajaj pulsar 150,22000,2011,60000,33668.17693359269,1,0,0,0,True,False
honda activa,35000,2013,29500,50267.0,1,0,0,0,True,False
tvs apache rtr 160,40000,2014,50000,61214.8671519867,0,1,0,0,True,False
bajaj pulsar 220f,75000,2016,10500,114777.87590997506,1,0,0,0,True,False
hero honda passion pro 2012,28000,2011,60000,42850.40700639069,0,1,0,0,True,False
hero maestro edge,55000,2018,39000,52790.0,1,0,0,0,True,False
honda dio,30000,2014,24000,45911.150363990026,1,0,0,0,True,False
hero glamour 125,40000,2016,15000,61600.0,1,0,0,0,True,False
bajaj avenger street 160,85000,2019,3000,130081.59269797173,1,0,0,0,True,False
hero honda cd deluxe,12000,2007,100000,18364.46014559601,0,1,0,0,True,False
yamaha ybr 125,35000,2013,20350,54593.0,1,0,0,0,True,False
bajaj pulsar 150,25000,2015,50000,38259.29196999169,0,1,0,0,True,False
bajaj pulsar 150,40000,2012,37000,61214.8671519867,0,1,0,0,True,False
hero honda cd deluxe,15000,2011,70000,22955.575181995013,1,0,0,0,True,False
hero passion pro i3s,55000,2018,15000,54475.0,1,0,0,0,True,False
bajaj pulsar 180,60000,2015,28563,85011.0,1,0,0,0,True,False
yamaha fazer 25,115000,2018,11000,142680.0,1,0,0,0,True,False
tvs excel,5000,1998,60000,7651.858393998337,1,0,0,0,True,False
honda shine,40000,2015,21121,61214.8671519867,1,0,0,0,True,False
honda dream neo,50000,2014,25000,49211.0,1,0,0,0,True,False
honda dio,28000,2014,13000,42850.40700639069,1,0,0,0,True,False
hero splendor plus,35000,2013,55000,53563.00875798836,1,0,0,0,True,False
bajaj xcd,25000,2007,100000,38259.29196999169,0,1,0,0,True,False
tvs streak,20000,2009,36000,30607.43357599335,0,1,0,0,True,False
bajaj pulsar 180,40000,2013,34000,85011.0,1,0,0,0,True,False
hero xtreme 200r,86000,2018,12000,93400.0,1,0,0,0,True,False
yamaha yzf r15,65000,2011,29000,99474.15912197839,1,0,0,0,True,False
bajaj avenger street 150 2018,60000,2017,30000,80435.0,1,0,0,0,True,False
yamaha rx135,65000,1998,16500,99474.15912197839,0,0,1,0,True,False
honda cb shine sp,41000,2017,33000,66697.0,1,0,0,0,True,False
honda cbr150 r,110000,2017,11800,129662.0,1,0,0,0,True,False
honda dream yuga,32000,2017,39000,56147.0,1,0,0,0,True,False
honda shine,37000,2014,16145,56623.7521155877,1,0,0,0,True,False
hero splendor plus i3s,65000,2019,1000,55600.0,1,0,0,0,True,False
hero honda passion plus,18000,2007,50000,27546.690218394015,0,1,0,0,True,False
hero honda passion pro 2012,28700,2012,49876,43921.66718155046,0,1,0,0,True,False
honda activa 3g,35000,2016,51000,54605.0,1,0,0,0,True,False
bajaj pulsar 180f,100000,2019,1300,153037.16787996676,1,0,0,0,True,False
hero honda glamour,21000,2010,11000,32137.805254793017,1,0,0,0,True,False
bajaj pulsar 150,30000,2010,55000,45911.150363990026,0,1,0,0,True,False
tvs apache rtr 200 4v,90000,2019,20000,137733.45109197008,1,0,0,0,True,False
bajaj super,6000,1991,35000,9182.230072798005,1,0,0,0,True,False
hero honda passion plus,23500,2010,60000,35963.73445179219,1,0,0,0,True,False
bajaj pulsar 150,55000,2015,40000,84170.44233398171,0,1,0,0,True,False
yamaha sz x,35000,2010,46000,65800.0,1,0,0,0,True,False
hero honda cd100,15000,1998,65000,22955.575181995013,1,0,0,0,True,False
bajaj pulsar 180,35000,2009,19000,85011.0,1,0,0,0,True,False
bajaj pulsar 220 dtsi,40000,2011,26000,61214.8671519867,1,0,0,0,True,False
hero honda achiever,15000,2009,86000,22955.575181995013,1,0,0,0,True,False
hero honda karizma,40000,2011,340000,61214.8671519867,0,1,0,0,True,False
honda cb unicorn 160,75000,2016,40000,77545.0,1,0,0,0,True,False
bajaj avenger cruise 220,70000,2016,10000,107126.01751597672,1,0,0,0,True,False
bajaj discover 135,22000,2007,25000,33668.17693359269,1,0,0,0,True,False
yamaha fz s v 20,80000,2019,10000,87042.0,1,0,0,0,True,False
bajaj pulsar 150,72000,2017,24000,110186.76087357606,1,0,0,0,True,False
hero hf deluxe,30000,2014,35000,45911.150363990026,0,1,0,0,True,False
bajaj pulsar 135 ls,25000,2011,30000,64589.0,0,1,0,0,True,False
aprilia sr 125,65000,2018,6500,99474.15912197839,1,0,0,0,True,False
bajaj pulsar 150,68000,2019,10000,104065.27415837739,1,0,0,0,True,False
hero duet,27000,2016,28000,50280.0,1,0,0,0,True,False
honda cb twister,25000,2015,35000,57241.0,1,0,0,0,True,False
bajaj discover 125,45000,2016,20000,60122.0,1,0,0,0,True,False
honda cbr250r,200000,2019,5500,202310.0,1,0,0,0,True,False
bajaj pulsar 180,20100,2008,36000,85011.0,1,0,0,0,True,False
honda shine,30000,2014,25000,45911.150363990026,1,0,0,0,True,False
suzuki swish,30000,2014,30000,51685.0,1,0,0,0,True,False
tvs star city,21000,2011,101000,47108.0,1,0,0,0,True,False
hero super splendor,45000,2012,21000,68866.72554598504,1,0,0,0,True,False
yamaha fazer,45000,2014,57700,84751.0,1,0,0,0,True,False
tvs scooty pep dlx,14500,2012,44000,22190.38934259518,1,0,0,0,True,False
honda dream yuga,47000,2019,8800,56147.0,1,0,0,0,True,False
tvs star city plus,26000,2014,68000,39789.66364879136,0,1,0,0,True,False
yamaha fazer,25000,2013,120000,84751.0,1,0,0,0,True,False
hero honda street smart,10000,2000,24000,15303.716787996675,1,0,0,0,True,False
tvs apache rtr 160,50000,2017,38000,76518.58393998338,1,0,0,0,True,False
honda dio,23000,2010,40000,35198.548612392355,1,0,0,0,True,False
honda activa,50000,2014,48000,50267.0,1,0,0,0,True,False
hero maestro edge,46000,2015,14000,55980.0,1,0,0,0,True,False
honda cb hornet 160r,80000,2017,18000,87719.0,1,0,0,0,True,False
hero karizma,50000,2013,38000,85766.0,1,0,0,0,True,False
honda cb trigger,40000,2014,75000,83437.0,1,0,0,0,True,False
honda cb hornet 160r,70000,2017,35000,87719.0,1,0,0,0,True,False
hero glamour fi,30900,2014,25000,71150.0,1,0,0,0,True,False
bajaj avenger 2015,65000,2010,20000,75502.0,1,0,0,0,True,False
hero honda splendor plus,15000,2006,100000,22955.575181995013,1,0,0,0,True,False
tvs apache rtr 160,89999,2019,6400,137731.92072029127,1,0,0,0,True,False
hero honda splendor plus,17600,2006,52000,26934.54154687415,1,0,0,0,True,False
bajaj platina 100,17000,2007,16000,26016.318539594347,1,0,0,0,True,False
yamaha fz25,90000,2018,8200,132680.0,1,0,0,0,True,False
bajaj pulsar 150,35000,2010,60000,53563.00875798836,1,0,0,0,True,False
yamaha yzf r15 s,70000,2017,16000,117926.0,1,0,0,0,True,False
bajaj discover 125,15000,2011,47000,57549.0,1,0,0,0,True,False
hero passion pro i3s,35000,2016,18000,54475.0,1,0,0,0,True,False
honda activa,15000,2006,50000,50267.0,1,0,0,0,True,False
bajaj discover 125,50000,2018,6000,60122.0,1,0,0,0,True,False
suzuki gixxer,69000,2017,20000,82813.0,1,0,0,0,True,False
tvs wego,15000,2011,65000,54760.0,1,0,0,0,True,False
bajaj discover 150,25000,2008,25000,54299.0,1,0,0,0,True,False
suzuki access 125,30000,2012,23000,58314.0,1,0,0,0,True,False
hero karizma 2014,45000,2014,5555,86744.0,1,0,0,0,True,False
hero cd deluxe,35000,2016,38000,53563.00875798836,1,0,0,0,True,False
yamaha fazer 25,120000,2018,6000,142680.0,1,0,0,0,True,False
hero splendor plus,25000,2015,45000,38259.29196999169,1,0,0,0,True,False
yamaha yzf r15,80000,2017,27000,118997.0,1,0,0,0,True,False
hero honda splendor plus,10000,2007,98000,15303.716787996675,1,0,0,0,True,False
tvs apache rtr 160,70000,2018,16000,107126.01751597672,1,0,0,0,True,False
bajaj pulsar 150,35000,2011,50000,53563.00875798836,1,0,0,0,True,False
hero glamour 125,40000,2015,71250,61600.0,1,0,0,0,True,False
hero honda passion plus,20000,2006,28000,30607.43357599335,1,0,0,0,True,False
honda cb twister,30000,2012,50000,57241.0,1,0,0,0,True,False
bajaj ct 100,8000,2005,82000,12242.97343039734,0,1,0,0,True,False
bajaj pulsar 220 dtsi,65000,2013,6409,99474.15912197839,1,0,0,0,True,False
hero honda super splendor 2005,20000,2008,54000,30607.43357599335,1,0,0,0,True,False
honda cb trigger,45000,2013,20000,76572.0,1,0,0,0,True,False
hero hunk,35000,2013,50000,78513.0,1,0,0,0,True,False
bajaj discover 150,25000,2011,52000,54299.0,1,0,0,0,True,False
tvs apache rtr 160,15000,2009,880000,22955.575181995013,0,0,0,1,True,False
hero xtreme sports,65000,2017,23000,78350.0,1,0,0,0,True,False
bajaj avenger 2015,45000,2011,35000,75502.0,1,0,0,0,True,False
honda activa 125,45000,2017,49000,68866.72554598504,1,0,0,0,True,False
bajaj pulsar 220f,50000,2011,55000,76518.58393998338,0,1,0,0,True,False
bajaj pulsar ns200,85000,2018,15100,130081.59269797173,0,1,0,0,True,False
hero honda splendor,25000,2008,38000,38259.29196999169,1,0,0,0,True,False
honda cb unicorn 150,60000,2017,12652,74295.0,1,0,0,0,True,False
suzuki gixxer sf fi,100000,2019,7000,103170.0,1,0,0,0,True,False
ktm rc 200,180000,2019,13800,275466.90218394017,0,1,0,0,True,False
bajaj discover 100,25000,2010,28000,42859.0,0,1,0,0,True,False
tvs wego,15000,2011,20000,54760.0,0,1,0,0,True,False
honda cb hornet 160r,60000,2017,16008,92210.0,0,1,0,0,True,False
yamaha yzf r15 s,75000,2018,36000,117926.0,1,0,0,0,True,False
hero cbz,35000,2010,36000,53563.00875798836,1,0,0,0,True,False
tvs scooty zest 110,55000,2018,380,53751.0,1,0,0,0,True,False
yamaha fz s v 20,85000,2018,50000,87042.0,1,0,0,0,True,False
hero honda glamour,35000,2012,30000,53563.00875798836,1,0,0,0,True,False
hero honda cbz extreme,35000,2011,35000,53563.00875798836,1,0,0,0,True,False
yamaha fz s v 20,60000,2017,14500,84042.0,1,0,0,0,True,False
suzuki access 125,40000,2017,15000,61214.8671519867,1,0,0,0,True,False
bajaj pulsar 150,30000,2010,54000,45911.150363990026,1,0,0,0,True,False
bajaj pulsar ns160,80000,2018,11000,122429.7343039734,1,0,0,0,True,False
hero splendor pro,24000,2011,43000,51994.0,1,0,0,0,True,False
honda shine,18000,2010,15000,27546.690218394015,1,0,0,0,True,False
hero passion pro 110,20000,2008,40000,30607.43357599335,0,0,1,0,True,False
yamaha fz16,40000,2016,93000,78712.0,1,0,0,0,True,False
suzuki access 125,20000,2012,24000,30607.43357599335,1,0,0,0,True,False
tvs jupiter,70000,2018,14000,107126.01751597672,1,0,0,0,True,False
hero passion pro 110,50000,2019,29442,76518.58393998338,1,0,0,0,True,False
yamaha fz s v 20,75000,2017,20000,84042.0,1,0,0,0,True,False
honda livo,25000,2015,30000,38259.29196999169,1,0,0,0,True,False
honda cb hornet 160r,70000,2017,38000,87543.0,1,0,0,0,True,False
honda activa 125,55000,2018,18000,61545.0,1,0,0,0,True,False
honda activa 5g,51000,2018,14000,59422.0,1,0,0,0,True,False
yamaha saluto,74000,2019,13000,59844.0,1,0,0,0,True,False
yamaha fz s v 20,65000,2017,42000,84042.0,1,0,0,0,True,False
bajaj avenger street 150 2018,60000,2016,27000,80435.0,0,1,0,0,True,False
bajaj pulsar 220f,110000,2019,4000,168340.88466796343,1,0,0,0,True,False
yamaha yzf r15,50000,2014,1200,118997.0,1,0,0,0,True,False
tvs apache rtr 160 4v,85009,2018,7500,130095.36604308094,1,0,0,0,True,False
hero passion pro 110,60000,2013,15000,91822.30072798005,1,0,0,0,True,False
bajaj pulsar 150,25000,2013,70000,38259.29196999169,0,1,0,0,True,False
tvs apache rtr 160 4v,75000,2019,12657,114777.87590997506,1,0,0,0,True,False
honda cb unicorn 150,30000,2010,69000,74295.0,1,0,0,0,True,False
honda activa,16600,2010,100000,50267.0,1,0,0,0,True,False
honda activa 3g,30000,2015,18000,54605.0,1,0,0,0,True,False
honda shine,20000,2007,80000,30607.43357599335,1,0,0,0,True,False
honda activa 5g,62000,2019,11200,59422.0,1,0,0,0,True,False
bajaj avenger street 220,60000,2016,17000,95955.0,1,0,0,0,True,False
hero xtreme,45000,2014,56420,72492.0,1,0,0,0,True,False
yamaha fz s,40000,2011,82000,79432.0,1,0,0,0,True,False
suzuki intruder 150,75000,2018,10000,114777.87590997506,1,0,0,0,True,False
yamaha fazer,50000,2012,100000,84751.0,1,0,0,0,True,False
bajaj pulsar rs 200,105000,2017,18345,160689.02627396508,1,0,0,0,True,False
bajaj discover 135,30000,2009,20000,45911.150363990026,1,0,0,0,True,False
hero honda cbz,10000,2000,48000,15303.716787996675,0,0,0,1,True,False
bajaj pulsar 135 ls,45000,2014,14000,64589.0,1,0,0,0,True,False
yamaha fazer 25,145000,2018,4100,142680.0,0,1,0,0,True,False
honda cb unicorn 150,45000,2016,50000,74295.0,0,1,0,0,True,False
honda activa 5g,65000,2019,3025,59422.0,1,0,0,0,True,False
bajaj pulsar 135 ls,20000,2011,60000,64589.0,1,0,0,0,True,False
hero duet,37000,2016,6000,50280.0,1,0,0,0,True,False
hero splendor nxg,18000,2011,35000,44814.0,1,0,0,0,True,False
hero glamour 125,25000,2013,50000,61600.0,1,0,0,0,True,False
honda activa 5g,46000,2018,10000,57557.0,1,0,0,0,True,False
yamaha fascino 110,55000,2019,7000,57112.0,1,0,0,0,True,False
bajaj v15,40000,2016,34000,67187.0,1,0,0,0,True,False
hero honda passion pro 2012,25000,2012,20000,38259.29196999169,0,1,0,0,True,False
honda activa,25000,2012,38000,50267.0,1,0,0,0,True,False
bajaj xcd,15000,2008,100000,22955.575181995013,1,0,0,0,True,False
bajaj pulsar ns160,70000,2018,20000,107126.01751597672,1,0,0,0,True,False
honda cb hornet 160r,70000,2017,240000,92210.0,1,0,0,0,True,False
yamaha rxg,25000,1997,45354,38259.29196999169,1,0,0,0,True,False
tvs streak,10000,2009,100000,15303.716787996675,1,0,0,0,True,False
bajaj pulsar rs 200,80000,2015,32000,122429.7343039734,1,0,0,0,True,False
yamaha alpha,25000,2015,14000,54253.0,0,1,0,0,True,False
honda livo,35000,2016,70000,53563.00875798836,1,0,0,0,True,False
mahindra gusto,25000,2016,13500,51185.0,1,0,0,0,True,False
bajaj discover 125,26000,2012,75000,57549.0,1,0,0,0,True,False
hero glamour 125,15000,2011,75000,61600.0,1,0,0,0,True,False
honda cb unicorn 160,50000,2017,52000,77545.0,1,0,0,0,True,False
hero pleasure,26500,2013,18860,49600.0,1,0,0,0,True,False
royal enfield classic 350,135000,2017,2700,206600.1766379551,1,0,0,0,True,False
honda cb hornet 160r,80000,2016,100000,92661.0,1,0,0,0,True,False
bajaj ct 100,30000,2016,38500,45911.150363990026,1,0,0,0,True,False
yamaha fz s v 20,90000,2018,10500,87042.0,1,0,0,0,True,False
bajaj pulsar 180,85000,2016,35000,85011.0,1,0,0,0,True,False
hero glamour 125,54000,2013,17000,61600.0,1,0,0,0,True,False
bajaj ct 100,42000,2019,2900,64275.61050958603,1,0,0,0,True,False
bajaj discover 100 t,25000,2014,30000,47032.0,1,0,0,0,True,False
tvs star city plus,50000,2016,14000,76518.58393998338,0,1,0,0,True,False
honda cb unicorn 150,55000,2014,10000,74295.0,1,0,0,0,True,False
hero passion pro tr,35000,2014,9556,54586.0,1,0,0,0,True,False
honda cb shine sp,50000,2018,37000,64750.0,1,0,0,0,True,False
bajaj v15,45000,2015,2700,65626.0,1,0,0,0,True,False
bajaj v15,45000,2016,36000,67187.0,1,0,0,0,True,False
bajaj discover 100,28000,2015,52000,42859.0,0,1,0,0,True,False
royal enfield electra 4 s,80000,2013,46000,122429.7343039734,1,0,0,0,True,False
ktm 200 duke,130000,2016,12000,198948.31824395678,1,0,0,0,True,False
bajaj pulsar 220f,120000,2019,6500,183644.6014559601,1,0,0,0,True,False
suzuki gs150r,27000,2012,14100,70851.0,1,0,0,0,True,False
honda shine,30000,2014,40000,45911.150363990026,1,0,0,0,True,False
honda cb unicorn dazzler,50000,2010,75000,71757.0,1,0,0,0,True,False
honda livo,45000,2018,10000,68866.72554598504,1,0,0,0,True,False
honda aviator,28000,2009,29625,59183.0,1,0,0,0,True,False
honda activa,6000,2006,35000,50267.0,0,1,0,0,True,False
hero hunk,35000,2016,32000,78513.0,1,0,0,0,True,False
honda activa 125,30000,2014,20000,45911.150363990026,1,0,0,0,True,False
bajaj discover 110,15000,2007,70000,52710.0,1,0,0,0,True,False
hero xtreme,45000,2013,57000,75936.0,1,0,0,0,True,False
tvs victor glx,18000,2005,11000,27546.690218394015,1,0,0,0,True,False
bajaj pulsar ns200,85000,2018,17500,130081.59269797173,1,0,0,0,True,False
honda aviator,30000,2014,7000,59183.0,1,0,0,0,True,False
bajaj platina 100,40000,2018,17500,61214.8671519867,1,0,0,0,True,False
tvs sport,34000,2018,25000,52032.637079188695,1,0,0,0,True,False
hero honda passion plus,8000,2003,53500,12242.97343039734,1,0,0,0,True,False
bajaj v15,70000,2018,15000,67187.0,1,0,0,0,True,False
honda dio,50000,2016,8000,76518.58393998338,1,0,0,0,True,False
honda dream yuga,35000,2015,39448,56147.0,1,0,0,0,True,False
hero honda splendor plus,20000,2006,75000,30607.43357599335,1,0,0,0,True,False
bajaj pulsar 150,50000,2012,28000,76518.58393998338,1,0,0,0,True,False
bajaj discover 135,37000,2008,62000,56623.7521155877,1,0,0,0,True,False
honda livo,69000,2018,12000,105595.64583717706,1,0,0,0,True,False
hero honda splendor nxg,28000,2012,49999,42850.40700639069,1,0,0,0,True,False
bajaj discover 125,25000,2011,70000,57549.0,1,0,0,0,True,False
yamaha fz v 20,60000,2018,25000,81508.0,1,0,0,0,True,False
yamaha szs,50000,2014,20000,72532.0,1,0,0,0,True,False
royal enfield thunderbird 350,135000,2016,4500,206600.1766379551,1,0,0,0,True,False
bajaj discover 125 m,30000,2014,45000,49146.0,1,0,0,0,True,False
yamaha fz s,60000,2014,68000,79432.0,1,0,0,0,True,False
honda activa,23000,2009,95000,50267.0,1,0,0,0,True,False
bajaj xcd,20000,2009,16000,30607.43357599335,1,0,0,0,True,False
bajaj avenger street 160,80000,2019,5000,122429.7343039734,1,0,0,0,True,False
royal enfield electra 5 s,99000,2006,36000,151506.79620116708,0,1,0,0,True,False
tvs apache rtr 200 4v,90000,2018,70000,137733.45109197008,1,0,0,0,True,False
hero honda splendor plus,20000,2005,27370,30607.43357599335,1,0,0,0,True,False
hero glamour 125,50000,2017,8600,61600.0,1,0,0,0,True,False
tvs victor glx,27000,2002,49000,41320.035327591024,1,0,0,0,True,False
honda grazia,60000,2018,16000,91822.30072798005,1,0,0,0,True,False
bajaj pulsar 150,12000,2007,100000,18364.46014559601,0,1,0,0,True,False
hero xtreme 2014,50000,2014,10000,72973.0,1,0,0,0,True,False
hero pleasure,20000,2012,30000,49600.0,0,1,0,0,True,False
hero passion xpro,45000,2018,7000,58900.0,1,0,0,0,True,False
hero super splendor,40000,2013,68000,61214.8671519867,1,0,0,0,True,False
yamaha fz s,45000,2016,20000,79432.0,0,1,0,0,True,False
honda activa,25000,2015,25000,50267.0,1,0,0,0,True,False
hero glamour fi,75000,2019,8900,71150.0,1,0,0,0,True,False
hero honda passion plus,25000,2007,70000,38259.29196999169,1,0,0,0,True,False
hero splendor plus,25000,2006,40000,38259.29196999169,0,1,0,0,True,False
hero xpulse 200,100000,2019,8500,107500.0,1,0,0,0,True,False
honda cb unicorn 150,30000,2012,32000,74295.0,1,0,0,0,True,False
bajaj discover 135,25000,2010,55000,38259.29196999169,1,0,0,0,True,False
hero honda splendor,10000,2006,75000,15303.716787996675,1,0,0,0,True,False
hero honda cd deluxe,25000,2008,65000,38259.29196999169,0,0,1,0,True,False
royal enfield electra twinspark,120000,2016,345000,183644.6014559601,1,0,0,0,True,False
honda dream neo,42000,2014,21000,53415.0,1,0,0,0,True,False
hero maestro,30000,2013,60000,49412.0,1,0,0,0,True,False
honda cbr150 r,77000,2014,38000,132513.0,1,0,0,0,True,False
honda cb unicorn dazzler,25000,2011,40000,71757.0,1,0,0,0,True,False
tvs apache 2006,15000,2006,40000,22955.575181995013,1,0,0,0,True,False
hero passion xpro,25000,2013,25000,59640.0,1,0,0,0,True,False
honda activa 5g,50000,2018,25000,57957.0,1,0,0,0,True,False
honda activa i,30000,2014,25000,53900.0,1,0,0,0,True,False
tvs apache rtr 200 4v,125000,2019,3000,191296.45984995842,1,0,0,0,True,False
hero honda cbz extreme,35000,2011,28000,53563.00875798836,1,0,0,0,True,False
suzuki gixxer,45000,2015,40000,78316.0,1,0,0,0,True,False
hero xpulse 200,98000,2019,8500,107500.0,1,0,0,0,True,False
bajaj pulsar 150,75000,2017,30000,114777.87590997506,1,0,0,0,True,False
bajaj pulsar as150,55000,2017,20000,80821.0,0,1,0,0,True,False
bajaj platina 100,25000,2013,30000,38259.29196999169,1,0,0,0,True,False
honda cb twister,70000,2014,12566,49150.0,1,0,0,0,True,False
suzuki slingshot,24000,2011,17000,36728.92029119202,1,0,0,0,True,False
tvs apache rtr 160,70000,2018,17000,107126.01751597672,1,0,0,0,True,False
bajaj v12,45000,2017,35000,58906.0,1,0,0,0,True,False
hero karizma 2014,25000,2015,40000,86744.0,1,0,0,0,True,False
yamaha yzf r15 v3,170000,2019,1400,146400.0,1,0,0,0,True,False
yamaha fascino 110,38000,2016,37000,54500.0,1,0,0,0,True,False
honda cb unicorn 160,45000,2015,15000,77545.0,1,0,0,0,True,False
yamaha gladiator,15000,2009,46000,22955.575181995013,1,0,0,0,True,False
hero honda glamour,45000,2012,75000,68866.72554598504,1,0,0,0,True,False
bajaj discover 100,22000,2014,14289,42859.0,1,0,0,0,True,False
mahindra gusto,30000,2015,20000,51185.0,0,1,0,0,True,False
royal enfield thunderbird 350,100000,2012,28000,153037.16787996676,1,0,0,0,True,False
royal enfield classic 350,100000,2014,19000,153037.16787996676,1,0,0,0,True,False
bajaj pulsar 150,60000,2017,28450,91822.30072798005,1,0,0,0,True,False
royal enfield electra twinspark,100000,2014,31500,153037.16787996676,1,0,0,0,True,False
bajaj pulsar 150,40000,2016,28000,61214.8671519867,1,0,0,0,True,False
bajaj pulsar 150,21000,2007,100000,32137.805254793017,1,0,0,0,True,False
hero hf deluxe,40000,2018,16000,61214.8671519867,1,0,0,0,True,False
honda activa,25000,2007,17860,50267.0,1,0,0,0,True,False
yamaha fz s,45000,2015,24000,79432.0,1,0,0,0,True,False
bajaj avenger cruise 220,75000,2016,10950,114777.87590997506,1,0,0,0,True,False
honda dio,45000,2017,35850,68866.72554598504,1,0,0,0,True,False
honda activa i,35000,2016,29000,53436.0,1,0,0,0,True,False
royal enfield bullet 350,60000,2001,4000,91822.30072798005,0,1,0,0,True,False
yamaha fz v 20,60000,2016,45420,81508.0,1,0,0,0,True,False
royal enfield classic 350,130000,2018,35000,198948.31824395678,0,1,0,0,True,False
honda cb shine sp,42000,2017,19800,64750.0,1,0,0,0,True,False
bajaj v15,76000,2018,23000,65626.0,1,0,0,0,True,False
hero cbz,40000,2014,35000,61214.8671519867,1,0,0,0,True,False
hero splendor plus,65000,2018,7500,99474.15912197839,1,0,0,0,True,False
bajaj discover 100 t,20000,2013,20000,47032.0,1,0,0,0,True,False
honda cb hornet 160r,75000,2016,72000,92661.0,1,0,0,0,True,False
honda cb hornet 160r,70000,2018,7000,92661.0,1,0,0,0,True,False
tvs apache rtr 160 4v,105000,2019,6000,160689.02627396508,1,0,0,0,True,False
honda cb shine sp,50000,2017,34300,62317.0,1,0,0,0,True,False
royal enfield classic 350,120000,2017,7199,183644.6014559601,1,0,0,0,True,False
bajaj pulsar 180,25000,2011,43000,85011.0,1,0,0,0,True,False
tvs xl 100,30000,2017,8000,30490.0,1,0,0,0,True,False
hero super splendor,50000,2017,9999,76518.58393998338,1,0,0,0,True,False
hero honda cbz extreme,25000,2007,80000,38259.29196999169,1,0,0,0,True,False
bajaj pulsar 180,50000,2014,30000,85011.0,1,0,0,0,True,False
bajaj discover 150,35000,2015,12000,54299.0,1,0,0,0,True,False
bajaj pulsar 180,30000,2009,17500,85011.0,1,0,0,0,True,False
honda shine,37000,2016,45000,56623.7521155877,1,0,0,0,True,False
honda cb unicorn 150,42000,2013,38000,74295.0,1,0,0,0,True,False
royal enfield himalayan,119000,2016,19800,182114.22977716042,1,0,0,0,True,False
kawasaki ninja 650,300000,2011,12000,589000.0,1,0,0,0,True,False
royal enfield classic 350,130000,1993,10000,198948.31824395678,0,1,0,0,True,False
hero honda passion plus,22000,2008,85000,33668.17693359269,0,1,0,0,True,False
hero honda splendor plus,15000,2007,70000,22955.575181995013,1,0,0,0,True,False
benelli tnt 25,160000,2017,2009,170994.0,1,0,0,0,True,False
royal enfield thunderbird 500x,185000,2018,1500,198605.0,1,0,0,0,True,False
royal enfield continental gt 2013  2018,110000,2014,12077,208902.0,1,0,0,0,True,False
ktm rc 200,150000,2017,20000,229555.75181995012,1,0,0,0,True,False
royal enfield bullet 350,150000,1995,20000,229555.75181995012,0,0,1,0,True,False
bajaj pulsar 220f,45000,2011,40000,68866.72554598504,1,0,0,0,True,False
bajaj avenger street 220,75000,2018,12000,95955.0,1,0,0,0,True,False
honda activa 125,50000,2017,27000,61545.0,1,0,0,0,True,False
honda shine,30000,2013,93000,45911.150363990026,1,0,0,0,True,False
bajaj discover 150f,30000,2015,12000,64071.0,1,0,0,0,True,False
bajaj pulsar 150,22000,2011,36000,33668.17693359269,1,0,0,0,True,False
hero karizma zmr,75000,2015,11000,108000.0,1,0,0,0,True,False
honda dream yuga,45000,2017,26000,56147.0,1,0,0,0,True,False
hero glamour 125,35000,2014,450000,61600.0,1,0,0,0,True,False
honda activa,35000,2012,29000,50267.0,1,0,0,0,True,False
bajaj ct 100,25000,2017,45000,38259.29196999169,1,0,0,0,True,False
honda cb hornet 160r,70000,2017,13000,92210.0,1,0,0,0,True,False
hero cd dawn,10000,2005,48000,15303.716787996675,1,0,0,0,True,False
royal enfield classic gunmetal grey,180000,2018,5814,148114.0,1,0,0,0,True,False
bajaj discover 100,24000,2014,31000,42859.0,1,0,0,0,True,False
honda shine,42000,2017,25000,64275.61050958603,1,0,0,0,True,False
tvs max dlx,26000,2002,28000,39789.66364879136,0,1,0,0,True,False
honda dio,60000,2018,11000,91822.30072798005,1,0,0,0,True,False
bajaj pulsar 180,72000,2017,7850,85011.0,1,0,0,0,False,True
royal enfield thunderbird 350,120000,2015,10000,183644.6014559601,1,0,0,0,True,False
royal enfield thunderbird 350,59000,2005,40000,90291.92904918038,0,1,0,0,True,False
royal enfield classic chrome,185000,2015,5000,189313.0,0,1,0,0,True,False
royal enfield classic gunmetal grey,140000,2018,14000,148114.0,1,0,0,0,True,False
ktm 390 duke,205000,2018,7500,313726.1941539318,1,0,0,0,True,False
hero pleasure,30000,2013,25000,46779.0,1,0,0,0,True,False
tvs victor,18000,2004,46700,54852.0,1,0,0,0,True,False
bajaj pulsar 150,35000,2011,12000,53563.00875798836,1,0,0,0,True,False
ktm rc 200,185000,2019,6000,283118.76057793846,1,0,0,0,True,False
kawasaki ninja 300,300000,2016,9800,360000.0,1,0,0,0,True,False
honda dream yuga,30000,2015,46070,56147.0,0,1,0,0,True,False
bajaj pulsar 150,35000,2009,14500,53563.00875798836,1,0,0,0,True,False
bajaj pulsar 150,35000,2008,70000,53563.00875798836,1,0,0,0,True,False
hero honda passion plus,25000,2008,100000,38259.29196999169,0,1,0,0,False,True
yamaha yzf r15,80000,2013,30000,118997.0,1,0,0,0,False,True
hero honda splendor plus,20000,2004,127000,30607.43357599335,0,1,0,0,True,False
hero karizma zmr,43000,2012,63000,108000.0,0,1,0,0,True,False
hero honda splendor plus,20000,2010,30000,30607.43357599335,0,1,0,0,True,False
yo style,20000,2011,10000,37675.0,1,0,0,0,True,False
hero splendor ismart,40000,2015,10000,52271.0,1,0,0,0,True,False
hero super splendor,30000,2011,89000,45911.150363990026,1,0,0,0,True,False
bajaj discover 100,21000,2009,50000,42859.0,1,0,0,0,True,False
yamaha fazer,35000,2011,15500,84751.0,1,0,0,0,True,False
bajaj discover 125,23000,2011,66000,57549.0,1,0,0,0,True,False
hero super splendor,40000,2017,80000,61214.8671519867,0,1,0,0,True,False
honda shine,40000,2011,8600,61214.8671519867,1,0,0,0,True,False
bajaj discover 125 m,45000,2014,40000,47186.0,1,0,0,0,True,False
bajaj avenger street 150 2018,60000,2016,25000,80435.0,1,0,0,0,True,False
yamaha fazer,40000,2013,34500,84751.0,1,0,0,0,True,False
hero passion x pro,42000,2016,15500,59095.0,1,0,0,0,True,False
honda activa,18000,2011,28000,50267.0,1,0,0,0,True,False
tvs star city,15000,2006,40000,46575.0,1,0,0,0,True,False
hero honda hunk,45000,2013,40000,68866.72554598504,1,0,0,0,True,False
tvs star city,25000,2016,50000,47108.0,1,0,0,0,True,False
bajaj pulsar 150,70000,2017,24000,107126.01751597672,1,0,0,0,True,False
bajaj discover 100,23000,2012,50000,42859.0,1,0,0,0,True,False
tvs victor,10000,2005,55000,54852.0,1,0,0,0,True,False
hero honda splendor plus,25000,2012,70000,38259.29196999169,1,0,0,0,True,False
honda aviator,25000,2012,12000,59183.0,0,1,0,0,True,False
bajaj pulsar 180,50000,2010,70000,85011.0,1,0,0,0,True,False
bajaj avenger 2015,60000,2015,16000,75502.0,0,1,0,0,True,False
hero cd dawn,35000,2014,38000,53563.00875798836,1,0,0,0,True,False
hero maestro,50000,2016,100000,49412.0,1,0,0,0,True,False
honda cb shine sp,50000,2016,45000,64750.0,1,0,0,0,True,False
hero honda cd deluxe,25500,2012,28990,39024.47780939152,1,0,0,0,True,False
hero honda hunk,35000,2010,13000,53563.00875798836,1,0,0,0,True,False
hero honda cd deluxe,20000,2005,15000,30607.43357599335,1,0,0,0,True,False
honda activa 3g,40000,2016,60000,54605.0,1,0,0,0,True,False
bajaj pulsar 135 ls,45000,2017,22000,64589.0,1,0,0,0,True,False
bajaj pulsar 150,30000,2008,19500,45911.150363990026,1,0,0,0,True,False
hero pleasure,30000,2013,25000,49600.0,1,0,0,0,True,False
hero honda cbz extreme,30000,2011,70000,45911.150363990026,0,0,1,0,True,False
bajaj pulsar 150,40000,2014,65000,61214.8671519867,0,1,0,0,True,False
honda cb twister,25000,2012,86000,53857.0,1,0,0,0,True,False
honda livo,45000,2017,30000,68866.72554598504,1,0,0,0,True,False
bajaj pulsar as200,65000,2015,33000,92074.0,1,0,0,0,True,False
honda activa 3g,40000,2015,36000,54605.0,1,0,0,0,True,False
hero honda hunk,40000,2010,41000,61214.8671519867,1,0,0,0,True,False
honda cb hornet 160r,70000,2017,28000,83340.0,1,0,0,0,True,False
hero hf deluxe,35000,2018,15000,53563.00875798836,1,0,0,0,True,False
hero splendor pro,35000,2015,35280,51994.0,1,0,0,0,True,False
bajaj boxer,15000,2004,18000,22955.575181995013,1,0,0,0,True,False
royal enfield electra 5 s,99000,2012,28000,151506.79620116708,1,0,0,0,True,False
royal enfield electra 5 s,90000,2012,40000,137733.45109197008,1,0,0,0,True,False
hero honda hunk,20000,2010,17000,30607.43357599335,1,0,0,0,True,False
hero ignitor,36000,2016,23000,65599.0,1,0,0,0,True,False
bajaj discover 100 m,32000,2014,30000,44756.0,1,0,0,0,True,False
honda activa 3g,50000,2016,6000,54605.0,1,0,0,0,True,False
bajaj pulsar 135 ls,50000,2015,48000,64589.0,1,0,0,0,True,False
bajaj pulsar 220 dtsi,60000,2014,16000,91822.30072798005,1,0,0,0,True,False
hero honda cbz extreme,40000,2009,50000,61214.8671519867,1,0,0,0,True,False
hero honda cbz extreme,35000,2012,60000,53563.00875798836,1,0,0,0,True,False
royal enfield thunder 500,175000,2018,3000,190000.0,1,0,0,0,True,False
um renegade mojave,170000,2019,1400,182000.0,1,0,0,0,True,False
ktm rc200,165000,2019,4000,178000.0,1,0,0,0,True,False
bajaj dominar 400,145000,2019,1200,160000.0,1,0,0,0,True,False
royal enfield classic 350,135000,2019,4100,147000.0,1,0,0,0,True,False
ktm rc390,135000,2017,21700,237000.0,1,0,0,0,True,False
hyosung gt250r,135000,2016,16500,345000.0,0,1,0,0,True,False
royal enfield thunder 350,125000,2015,15000,150000.0,1,0,0,0,True,False
royal enfield thunder 350,120000,2018,18000,150000.0,1,0,0,0,True,False
royal enfield classic 350,120000,2019,11000,147000.0,1,0,0,0,True,False
ktm rc200,120000,2018,6000,178000.0,1,0,0,0,True,False
royal enfield thunder 350,115000,2018,8700,150000.0,1,0,0,0,True,False
ktm 390 duke ,115000,2016,7000,240000.0,1,0,0,0,True,False
mahindra mojo xt300,115000,2018,35000,140000.0,1,0,0,0,True,False
royal enfield classic 350,115000,2017,17000,147000.0,1,0,0,0,True,False
royal enfield classic 350,111000,2017,17500,147000.0,1,0,0,0,True,False
royal enfield classic 350,110000,2015,33000,147000.0,1,0,0,0,True,False
royal enfield thunder 500,110000,2017,14000,190000.0,1,0,0,0,True,False
royal enfield classic 350,110000,2017,26000,147000.0,1,0,0,0,True,False
royal enfield thunder 500,105000,2015,5400,190000.0,1,0,0,0,True,False
bajaj pulsar rs200,105000,2018,5700,126000.0,1,0,0,0,True,False
royal enfield thunder 350,105000,2013,6900,150000.0,1,0,0,0,True,False
royal enfield bullet 350,105000,2018,6000,117000.0,1,0,0,0,True,False
royal enfield classic 350,100000,2015,46500,147000.0,1,0,0,0,True,False
royal enfield classic 500,95000,2014,11500,175000.0,1,0,0,0,True,False
royal enfield classic 500,90000,2011,40000,175000.0,1,0,0,0,True,False
bajaj avenger 220,90000,2019,1300,95000.0,1,0,0,0,True,False
bajaj avenger 150,75000,2018,7000,80000.0,1,0,0,0,True,False
honda cb hornet 160r,80000,2019,3000,87000.0,1,0,0,0,True,False
yamaha fz s v 20,78000,2019,5000,84000.0,1,0,0,0,True,False
honda cb hornet 160r,75000,2019,11000,87000.0,1,0,0,0,True,False
yamaha fz 16,75000,2017,18000,82000.0,1,0,0,0,True,False
bajaj avenger 220,75000,2019,3500,95000.0,1,0,0,0,True,False
bajaj avenger 220,72000,2018,500,95000.0,1,0,0,0,True,False
tvs apache rtr 160,65000,2019,11800,81000.0,1,0,0,0,True,False
bajaj pulsar 150,65000,2017,5000,74000.0,1,0,0,0,True,False
honda cbr 150,65000,2016,23500,120000.0,1,0,0,0,True,False
hero extreme,65000,2015,16000,78700.0,1,0,0,0,True,False
honda cb hornet 160r,60000,2018,15000,87000.0,1,0,0,0,True,False
bajaj avenger 220 dtsi,60000,2017,16600,95000.0,1,0,0,0,True,False
honda cbr 150,60000,2015,32000,120000.0,1,0,0,0,True,False
bajaj avenger 150 street,60000,2018,20000,80000.0,1,0,0,0,True,False
yamaha fz  v 20,60000,2017,29000,84000.0,1,0,0,0,True,False
yamaha fz  v 20,60000,2018,25000,84000.0,1,0,0,0,True,False
bajaj pulsar  ns 200,60000,2016,25000,99000.0,1,0,0,0,True,False
tvs apache rtr 160,60000,2014,19000,81000.0,1,0,0,0,True,False
hero extreme,55000,2016,15000,78700.0,1,0,0,0,True,False
yamaha fz s v 20,55000,2017,58000,84000.0,1,0,0,0,True,False
bajaj pulsar 220 f,52000,2012,45000,94000.0,1,0,0,0,True,False
bajaj pulsar 220 f,51000,2018,24000,94000.0,1,0,0,0,True,False
tvs apache rtr 180,50000,2013,6000,82600.0,1,0,0,0,True,False
hero passion x pro,50000,2018,31000,55000.0,1,0,0,0,True,False
bajaj pulsar ns 200,50000,2014,13000,99000.0,1,0,0,0,True,False
bajaj pulsar ns 200,50000,2015,45000,99000.0,1,0,0,0,True,False
yamaha fazer ,50000,2016,8000,88000.0,1,0,0,0,True,False
honda activa 4g,48000,2019,4300,51000.0,1,0,0,0,True,False
tvs sport ,48000,2019,15000,52000.0,1,0,0,0,True,False
yamaha fz s v 20,48000,2017,23000,84000.0,1,0,0,0,True,False
honda dream yuga ,48000,2019,8600,54000.0,1,0,0,0,True,False
honda activa 4g,45000,2019,4000,51000.0,1,0,0,0,True,False
bajaj avenger street 220,45000,2013,24000,95000.0,1,0,0,0,True,False
tvs apache rtr 180,45000,2016,23000,82600.0,1,0,0,0,True,False
bajaj pulsar ns 200,45000,2014,14500,99000.0,1,0,0,0,True,False
bajaj avenger 220 dtsi,45000,2012,27000,95000.0,1,0,0,0,True,False
hero splender ismart,45000,2018,14000,54000.0,1,0,0,0,True,False
activa 3g,45000,2018,500,54000.0,1,0,0,0,True,False
hero passion pro,45000,2018,1000,55000.0,1,0,0,0,True,False
tvs apache rtr 160,42000,2016,42000,81000.0,1,0,0,0,True,False
honda cb trigger,42000,2015,12000,73000.0,1,0,0,0,True,False
hero splender ismart,40000,2017,14000,54000.0,1,0,0,0,True,False
yamaha fz s ,40000,2014,5500,83000.0,1,0,0,0,True,False
hero passion pro,40000,2017,6700,55000.0,1,0,0,0,True,False
bajaj pulsar 135 ls,40000,2016,13700,64000.0,1,0,0,0,True,False
activa 4g,40000,2019,1300,51000.0,1,0,0,0,True,False
honda cb unicorn,38000,2017,38600,72000.0,1,0,0,0,True,False
hero honda cbz extreme,38000,2013,75000,78700.0,1,0,0,0,True,False
honda karizma,35000,2013,30000,105000.0,1,0,0,0,True,False
honda activa 125,35000,2018,24000,57000.0,1,0,0,0,True,False
tvs jupyter,35000,2016,19000,52000.0,1,0,0,0,True,False
honda karizma,31000,2012,213000,105000.0,1,0,0,0,True,False
hero honda passion pro,30000,2014,60000,51000.0,1,0,0,0,True,False
hero splender plus,30000,2018,50000,48000.0,1,0,0,0,True,False
honda cb shine,30000,2015,30000,58000.0,1,0,0,0,True,False
bajaj discover 100,27000,2015,21000,47000.0,1,0,0,0,True,False
bajaj pulsar 150,25000,2010,26000,75000.0,0,1,0,0,True,False
suzuki access 125,25000,2010,1900,58000.0,1,0,0,0,True,False
tvs wego,25000,2012,22000,52000.0,1,0,0,0,True,False
honda cb twister,25000,2015,32000,51000.0,1,0,0,0,True,False
hero glamour,25000,2015,18000,57000.0,1,0,0,0,True,False
hero super splendor,20000,2007,55000,57000.0,1,0,0,0,True,False
bajaj pulsar 150,20000,2010,60000,75000.0,1,0,0,0,True,False
bajaj discover 125,20000,2014,25000,57000.0,0,1,0,0,True,False
hero hunk,20000,2009,49000,75000.0,0,1,0,0,True,False
hero  ignitor disc,20000,2015,24000,65000.0,0,1,0,0,True,False
hero  cbz xtreme,20000,2010,50000,78700.0,1,0,0,0,True,False
bajaj  ct 100,18000,2017,35000,32000.0,1,0,0,0,True,False
activa 3g,17000,2010,500000,52000.0,1,0,0,0,True,False
honda cb twister,16000,2012,33000,51000.0,1,0,0,0,True,False
bajaj discover 125,15000,2013,35000,57000.0,0,1,0,0,True,False
honda cb shine,12000,2009,53000,58000.0,1,0,0,0,True,False
bajaj pulsar 150,10000,2008,92233,75000.0,1,0,0,0,True,False
